id,first_name,last_name
1,Becky,Carter
2,Hannah,Burns
3,Ryan,Randall
4,Jeffrey,Griffin
5,Donna,Zhang
6,Michael,Calderon
7,Andre,Meyer
8,Greg,Arias
9,Theresa,White
10,Brian,Washington
11,Victoria,Mercer
12,Lisa,Scott
13,Bruce,Larson
14,Justin,West
15,David,Smith
16,Kaitlyn,Scott
17,Johnny,Williams
18,Justin,Hale
19,Abigail,Wright
20,Corey,Marshall
21,Joshua,Horton
22,Michael,Archer
23,Donald,Hoffman
24,Ashley,Neal
25,Jeffrey,Wilson
26,Rachael,Rose
27,Amber,Thompson
28,Patrick,Martinez
29,Norman,Munoz
30,Rebecca,Blevins
31,Michael,Kelly
32,Lance,Sandoval
33,Kevin,Murphy
34,Julie,Morrow
35,Jeremy,Stevens
36,Tammy,Bernard
37,Paul,Green
38,Patricia,Gregory
39,John,Riley
40,Carolyn,Boyer
41,Jeffrey,Cantu
42,Hannah,Perez
43,William,Coleman
44,Ryan,Harrison
45,William,Martinez
46,Ryan,Jensen
47,Linda,Ward
48,Penny,Compton
49,Robyn,Harris
50,Bradley,Garcia
51,James,Cook
52,Ashley,Kelly
53,Margaret,Santos
54,James,Dawson
55,Ernest,Walker
56,Charles,Walker
57,Brandy,Wilson
58,David,Thompson
59,Linda,Nunez
60,Sonya,Austin
61,Kelly,Newman
62,Michelle,Williams
63,Andrew,Rivera
64,Judith,Dixon
65,Melissa,Allison
66,Colleen,Adkins
67,Kathryn,Davis
68,Jeremy,Moore
69,Julie,Jones
70,Shawna,Lee
71,Sean,Elliott
72,William,Baker
73,Meredith,Ware
74,Paul,Hansen
75,Daniel,Liu
76,Stephanie,Jones
77,Jessica,Odonnell
78,Kathryn,Cardenas
79,Logan,Mueller
80,Sandra,Brown
81,Mark,Tyler
82,Melissa,Scott
83,Amber,Carr
84,Mason,Burke
85,Ann,Houston
86,Sarah,Marshall
87,Kevin,Medina
88,Brenda,Dean
89,Jeffrey,Carter
90,Matthew,Kelly
91,Gary,Smith
92,Stephen,Hernandez
93,Nathan,Anderson
94,Laura,Curry
95,Bonnie,Rowe
96,Jody,Ward
97,Joshua,Fischer
98,Thomas,Griffin
99,Christopher,Pena
100,Shannon,Dunlap
101,Donna,Ryan
102,Chelsea,Fernandez
103,Jacob,Mcdaniel
104,Jason,Crawford
105,Grant,Bartlett
106,Melissa,Campbell
107,Benjamin,Shaw
108,Matthew,Hughes
109,Lisa,Huff
110,Donald,Brown
111,Amanda,Reid
112,Sean,Jones
113,Diana,Moore
114,Michael,Hamilton
115,Tara,Ferguson
116,Laura,Mays
117,Kelly,Miller
118,Elizabeth,Byrd
119,Michael,Cooper
120,Jennifer,Gomez
121,Sandra,Price
122,Mary,Hardy
123,Angela,Stone
124,Elizabeth,Wright
125,Kimberly,Reynolds
126,Lisa,Hull
127,Michelle,Gomez
128,Christopher,Cook
129,Eduardo,Barker
130,Ashley,Jones
131,Tamara,Turner
132,James,Anthony
133,Ashley,Herrera
134,Tammy,Owens
135,Ryan,Collier
136,Isabella,Washington
137,Jonathan,Martin
138,Matthew,Evans
139,Brandy,Romero
140,Lauren,Wilson
141,Kimberly,Bullock
142,Tanya,Villa
143,Jasmine,Mendoza
144,James,Yang
145,Kristine,Rivers
146,Rhonda,Wagner
147,Brenda,Friedman
148,Mikayla,Warner
149,Joseph,Lawson
150,Robin,Singh
151,Albert,Pierce
152,Andrew,Trevino
153,Ryan,Skinner
154,Ann,Jones
155,Kent,Horn
156,Jessica,Clark
157,Omar,Berry
158,Eric,Wells
159,Zachary,Powell
160,Sarah,Miller
161,Tony,Miller
162,Jodi,Marshall
163,Lisa,Jones
164,Erik,Dixon
165,Mindy,Mooney
166,Samantha,Hill
167,Melanie,King
168,Tyler,Robinson
169,David,Lopez
170,Mark,Bartlett
171,Donald,Butler
172,Heather,Russell
173,Melissa,Hughes
174,Joan,Johnson
175,Brian,Olson
176,Deborah,Moreno
177,David,Carson
178,Gregory,Patton
179,Samuel,Smith
180,Teresa,Walker
181,Kyle,Brooks
182,Nicole,Ortiz
183,Kristen,Wyatt
184,Michael,Cook
185,Nicholas,Price
186,Thomas,Chandler
187,Michele,Peters
188,Nicole,Romero
189,Richard,Walker
190,Brandon,Munoz
191,Lisa,Rice
192,Jordan,Gallagher
193,Vernon,Francis
194,David,Howell
195,Joseph,Garcia
196,Mario,Hernandez
197,Brian,Shaffer
198,Katherine,Phelps
199,Veronica,Ward
200,Cody,Alvarado
201,Carolyn,Johnson
202,Nicholas,Archer
203,Kathleen,Dunlap
204,Rose,Sanchez
205,Nathan,George
206,Shawn,Rodriguez
207,Heather,Simon
208,Sabrina,Stephenson
209,Dawn,Armstrong
210,Barry,Garner
211,Abigail,Rodriguez
212,Robert,Powers
213,Francisco,Cole
214,David,Ross
215,Guy,Hayes
216,Bonnie,Mendoza
217,Kenneth,Mayo
218,Lisa,Shepherd
219,Erik,Torres
220,Erica,Brown
221,Tonya,Banks
222,Meagan,Herman
223,Mallory,Chavez
224,Paul,Garcia
225,Matthew,Thomas
226,Diana,Gardner
227,Sarah,Carroll
228,Arthur,Reynolds
229,Jennifer,Moore
230,Alyssa,Mitchell
231,Kristy,Clarke
232,Joshua,Bailey
233,Joshua,Williams
234,Mary,Maxwell
235,Janet,Mcgrath
236,Benjamin,Daniel
237,Amy,Ochoa
238,Cody,Simon
239,Carrie,Kidd
240,Kevin,Payne
241,Francisco,Gonzales
242,Alison,Smith
243,Jill,Garcia
244,Alexander,Rogers
245,Garrett,Dunn
246,Lisa,Dean
247,Jacob,Guerrero
248,Molly,Anderson
249,Gregory,Wilson
250,Eric,Armstrong
251,Jonathan,Jackson
252,Ryan,Carlson
253,Randy,Heath
254,Gregory,Williams
255,Jennifer,Vasquez
256,Bobby,Martinez
257,Sean,Soto
258,Justin,Boyer
259,Nicholas,Maddox
260,Christine,Lewis
261,Toni,Price
262,Christine,Rodriguez
263,Sarah,Bartlett
264,Susan,Ramirez
265,Peter,Willis
266,Michael,Brown
267,Heather,Porter
268,Miguel,Pratt
269,Paula,Thompson
270,Richard,Werner
271,Randy,Rogers
272,Deborah,Johnson
273,Haley,Estrada
274,Kathleen,Norris
275,Robert,Russell
276,Elizabeth,Hunter
277,John,Kaiser
278,Casey,Hall
279,Emily,Bell
280,Mark,Gray
281,Jessica,Alvarez
282,Angela,Fleming
283,Annette,Carney
284,Ashley,Brewer
285,Melissa,Patel
286,Sonya,Taylor
287,Chad,Leon
288,John,Webb
289,Monica,Gonzalez
290,Connie,Schmitt
291,Edward,Rhodes
292,Joel,Brooks
293,Joshua,Rogers
294,Matthew,Golden
295,Ariel,Ramirez
296,Matthew,Lewis
297,Leah,Medina
298,Roger,Oneal
299,Mark,Miller
300,Stephanie,Johnson
301,Richard,Franco
302,Hunter,Bennett
303,Paul,Smith
304,John,Simpson
305,Pamela,Bernard
306,Michael,Miller
307,Amanda,Parker
308,Samantha,Hernandez
309,Renee,Barnes
310,Sarah,Lewis
311,Charles,Torres
312,Stephanie,Young
313,Monica,Hunter
314,Christina,Robertson
315,John,Hernandez
316,Bryan,Garza
317,Nicole,Hanna
318,Peter,Chandler
319,Scott,Fisher
320,Nicole,Taylor
321,Howard,Brooks
322,Micheal,Berger
323,Valerie,Scott
324,Daniel,Marquez
325,Stanley,Fuller
326,Michelle,Walker
327,Lisa,Davis
328,Ashley,Mosley
329,Karen,Sutton
330,Gregory,Kelley
331,Caitlin,Jensen
332,Susan,Allen
333,Seth,Guerrero
334,Alexander,Perez
335,Margaret,Richmond
336,Joseph,Johnson
337,Jeffery,Owens
338,James,Wallace
339,Sonya,Flores
340,Timothy,Wagner
341,Kevin,Gonzales
342,Miguel,Bauer
343,Mark,Mendoza
344,Rachel,Pugh
345,Terri,Merritt
346,Calvin,Guzman
347,Elizabeth,Moore
348,Jerry,Payne
349,Jacob,Moran
350,Michelle,Glover
351,Mathew,Duncan
352,Mario,Jackson
353,Eugene,King
354,Jose,Ramos
355,Heather,Miller
356,Tyler,Johnson
357,Joshua,Daniel
358,Jessica,Espinoza
359,Kyle,Martinez
360,Grant,Washington
361,Daniel,Hernandez
362,Tracy,Chandler
363,Joseph,Jackson
364,Tammy,Rodriguez
365,Ashley,Ford
366,Erin,Elliott
367,Calvin,Garcia
368,Maria,Mendez
369,Todd,Kennedy
370,Samantha,George
371,Jocelyn,Brown
372,Elizabeth,Kirby
373,Kathryn,Benjamin
374,Valerie,Davis
375,Calvin,Johnson
376,Allen,Foster
377,Jessica,Lopez
378,Jennifer,Wagner
379,Brittany,Wilson
380,Amber,Maldonado
381,Jessica,Gibson
382,Don,Thomas
383,Laura,Perez
384,Bailey,Johnson
385,Andrew,Rivera
386,Joanne,Hunt
387,James,Mason
388,Ann,Bass
389,Brenda,Payne
390,Megan,Rojas
391,Grace,Dixon
392,Alison,Lewis
393,Richard,George
394,Joel,Maxwell
395,Amanda,Russell
396,Rebecca,Smith
397,Melissa,Donaldson
398,Linda,Novak
399,Paula,West
400,Natalie,Garcia
401,Kevin,Jenkins
402,Lauren,Edwards
403,Miranda,Jones
404,Daniel,Bolton
405,Jeffery,Smith
406,Paul,Cabrera
407,Sharon,Wilkins
408,Eric,Prince
409,David,Campbell
410,Justin,Davis
411,Donald,Boyle
412,Lee,Long
413,Meagan,Robinson
414,Derek,Sweeney
415,Amanda,Wheeler
416,Ashley,Thomas
417,Scott,Howard
418,Julie,Ruiz
419,Tony,Warren
420,Brandy,Rodriguez
421,Gary,Dean
422,Daniel,Rodriguez
423,Kathryn,York
424,Jeffrey,Schultz
425,Molly,Jordan
426,Gina,Solomon
427,Mary,Adams
428,Tyler,Douglas
429,Lucas,Thompson
430,Jacob,Rowe
431,Charles,Case
432,Abigail,Lam
433,Donna,Cohen
434,Leslie,Cruz
435,Jason,Ward
436,Jose,Brown
437,Christopher,Benton
438,Renee,Diaz
439,Michael,Watts
440,Bill,Juarez
441,Jason,Pope
442,Lauren,Smith
443,Aaron,Summers
444,James,Clark
445,Daniel,Rosario
446,Brett,Jones
447,Monique,Lynn
448,Traci,Rodgers
449,Philip,Sanders
450,Caroline,Murphy
451,Russell,Parker
452,Kiara,Molina
453,Misty,Smith
454,Samuel,Miller
455,Gary,Sullivan
456,Jennifer,Gonzales
457,Clayton,Johnson
458,Kevin,Quinn
459,Steven,Carroll
460,Susan,Shaw
461,Christina,Curry
462,Jonathan,Watson
463,Justin,Castro
464,Ashley,Carpenter
465,Angela,Thomas
466,Rachael,Colon
467,Juan,Lopez
468,Mary,Melendez
469,Megan,Rosales
470,Rebecca,Salazar
471,Dean,Hamilton
472,Tanner,Bridges
473,Tiffany,Church
474,Jeremy,Thomas
475,Jennifer,Day
476,Scott,Villarreal
477,Amanda,Stewart
478,Casey,Flores
479,Matthew,Cochran
480,Kim,Rodriguez
481,Mark,Shelton
482,Michael,Frost
483,Anthony,Logan
484,Sonya,Ramos
485,Christina,Tucker
486,Erin,Lopez
487,Daniel,Burns
488,Robert,Matthews
489,Kevin,Macias
490,Charles,Smith
491,Marcus,Bray
492,Joshua,Michael
493,Kiara,Jones
494,Marcus,Black
495,Timothy,Lamb
496,Eric,Johnson
497,Kyle,Thomas
498,Paula,Bradley
499,Alexander,Carlson
500,Robert,Buckley
501,Michael,Kirby
502,Patricia,Lambert
503,Steven,Wu
504,Rodney,Singleton
505,Patricia,Logan
506,Alec,Anderson
507,George,Ford
508,Angela,Johnson
509,Thomas,Reed
510,Jimmy,Richard
511,William,Howell
512,Benjamin,Roberts
513,David,Huber
514,Fernando,Prince
515,Austin,Lucas
516,Alexandria,Kelley
517,Brian,Martinez
518,Matthew,Barton
519,Jessica,Brown
520,Matthew,Bush
521,Courtney,Foley
522,Elizabeth,Austin
523,Tanner,Hughes
524,Andrew,Gordon
525,Michelle,Mayer
526,Thomas,Maldonado
527,David,Lyons
528,Jacqueline,Ellis
529,Duane,Taylor
530,Tiffany,Clements
531,John,Brown
532,Kenneth,Jordan
533,Dawn,Sanchez
534,Joseph,Dickerson
535,Anna,Stevens
536,Michele,Mccarty
537,Amy,Campbell
538,Brian,Fleming
539,Mariah,Lewis
540,Melissa,Richardson
541,Bruce,Becker
542,Gilbert,Ewing
543,Michael,Ware
544,Nathan,Rogers
545,Scott,Powell
546,Angela,Barnes
547,Amy,Wood
548,Rachel,Hampton
549,Jordan,Mills
550,Lawrence,Sanders
551,Audrey,Sutton
552,Zachary,Roberts
553,Jennifer,Parker
554,Kyle,Montoya
555,Taylor,Walker
556,Christy,Bailey
557,David,Torres
558,Mark,Moore
559,Robert,Miller
560,David,Guzman
561,Mary,Wagner
562,Christopher,Livingston
563,Christina,Barr
564,Debra,Malone
565,Joseph,Nielsen
566,Ryan,Wade
567,Eric,Avila
568,Peggy,Li
569,Dana,Mendoza
570,Jennifer,Cooper
571,Colleen,Williams
572,Martha,Payne
573,Evan,Ramirez
574,Carol,Lee
575,Dawn,Lee
576,Holly,Daniels
577,Glen,Nolan
578,Adam,Matthews
579,Ryan,Vazquez
580,Alan,Cross
581,Elaine,Beasley
582,Tracy,Case
583,Tamara,Martinez
584,Natalie,Chavez
585,Tonya,George
586,Kristen,Wolfe
587,Robin,Cervantes
588,Michael,Rivera
589,Elaine,Davis
590,Nathan,Coffey
591,Brandon,Price
592,Cristian,Morrison
593,Samantha,Arnold
594,Lucas,Landry
595,Anna,Watkins
596,Stephen,Harrison
597,Lisa,Crawford
598,Joshua,Johnson
599,Samuel,Robinson
600,Shane,Porter
601,Danielle,Morgan
602,David,Mitchell
603,Heather,Peters
604,Cassandra,Price
605,William,Holloway
606,Kimberly,Green
607,John,Tran
608,Kimberly,Howell
609,Brian,Woodward
610,Amy,Brewer
611,Glenn,Baker
612,Aimee,Wagner
613,Ashley,Graves
614,Melissa,Hughes
615,David,Benson
616,Deborah,Hunt
617,Leslie,Banks
618,Heather,Blackburn
619,Olivia,Perez
620,Shawn,Nash
621,Jimmy,Williams
622,Patricia,Murphy
623,Natalie,Castro
624,Amanda,Johnson
625,Roberto,Washington
626,Tricia,Ferguson
627,Sean,Baker
628,Caitlin,Malone
629,Sarah,Stephens
630,Erin,Hess
631,Billy,Salazar
632,Jimmy,Ward
633,Katelyn,Morrison
634,Angela,Juarez
635,Steven,Hudson
636,Jacob,Valencia
637,Carl,Neal
638,Joseph,Smith
639,Monica,Ortiz
640,Paula,Peterson
641,Sarah,Good
642,David,Summers
643,Edward,Roth
644,Jon,Haney
645,Daniel,Rodriguez
646,Katherine,Garcia
647,Lynn,Anderson
648,Stephanie,Hopkins
649,Tammy,Torres
650,Rachel,White
651,Shelly,Stokes
652,Stephanie,Hicks
653,Shawn,Moore
654,Jonathan,Le
655,Jacqueline,Smith
656,Judy,Griffin
657,Karen,Smith
658,Michelle,King
659,John,Flores
660,Kim,Barton
661,Mark,King
662,Anthony,Maldonado
663,Rachel,Nelson
664,Bernard,Wright
665,Cynthia,Powell
666,Rebecca,Schneider
667,Emily,Jacobs
668,Doris,Howard
669,Carla,Richardson
670,Christopher,Parsons
671,James,Johnson
672,Ryan,Morales
673,Emma,Mccoy
674,Jerry,Garcia
675,Teresa,Wilson
676,Cindy,French
677,Patrick,Moore
678,Michael,Shelton
679,Travis,Herrera
680,Lisa,Brown
681,Andrew,Acosta
682,Mark,Bonilla
683,Lisa,Brooks
684,Deanna,Mclaughlin
685,Christine,Burgess
686,Jeffrey,Jones
687,Francisco,Figueroa
688,Elizabeth,Adkins
689,Dennis,Wilson
690,John,Mcdaniel
691,Regina,Wheeler
692,Joseph,Spears
693,Timothy,Anderson
694,Colleen,Mcdonald
695,Theresa,Ward
696,Lindsay,Beck
697,Angel,Reese
698,Matthew,Baker
699,Gabriela,Ross
700,Gina,Martin
701,Brittany,Jones
702,William,Stephenson
703,Michael,Stanton
704,Daniel,Anderson
705,Kristin,Bradford
706,Sharon,Allen
707,Kristin,Wyatt
708,Alexandra,Miller
709,Jacob,Holt
710,Adam,Huynh
711,Elizabeth,Lee
712,Eddie,Clark
713,Chelsea,Franco
714,Tiffany,Strong
715,Jeremiah,Rodriguez
716,Tina,Jenkins
717,Carlos,Patton
718,Colin,Chapman
719,Stephanie,Davis
720,Abigail,Cochran
721,Leah,Maynard
722,John,Golden
723,Jesse,Spencer
724,Diane,Welch
725,Donna,Lindsey
726,Dawn,Anderson
727,John,Riddle
728,Brittany,Camacho
729,Heather,Hall
730,Joel,Gross
731,Steven,Bryant
732,Kyle,Davis
733,Brett,Nguyen
734,Barbara,Gill
735,Michelle,Graham
736,Ronald,Cox
737,George,Harmon
738,Nicholas,Chen
739,Kimberly,Higgins
740,Jessica,Brooks
741,Ashley,Patterson
742,Isaac,Wade
743,Vicki,Johnson
744,Joseph,Cooper
745,Jacqueline,Ferguson
746,Jennifer,Bennett
747,Carrie,Brooks
748,David,Johnson
749,Tara,Browning
750,Angela,Thompson
751,Bradley,Braun
752,Mark,Payne
753,James,Harmon
754,Michael,Johnson
755,Troy,Bass
756,Alyssa,Fisher
757,Holly,Hughes
758,Drew,Lyons
759,Jennifer,Allen
760,Kathy,Estrada
761,Anita,Rodriguez
762,Holly,Giles
763,April,Landry
764,Ashley,Calhoun
765,Victor,Mendez
766,Mary,Thompson
767,Sarah,Hunter
768,Joseph,Jackson
769,Jessica,Powers
770,Sean,Rivas
771,Angel,Weaver
772,Michael,Peterson
773,Dawn,Sullivan
774,Rebecca,Peterson
775,Rebecca,Fowler
776,Theresa,Smith
777,Lisa,Hardy
778,Vincent,Jefferson
779,Patrick,Moreno
780,Jessica,Buck
781,Jeff,Cruz
782,April,Nichols
783,Marcus,Arnold
784,Julie,Acosta
785,Lisa,Reynolds
786,Anthony,Clements
787,Jennifer,Romero
788,Jesse,Wright
789,Andrew,Juarez
790,Walter,Johnson
791,Andrew,White
792,Russell,Pittman
793,Mariah,Tucker
794,Rebekah,King
795,Aaron,Cain
796,Heather,Jones
797,Megan,Hansen
798,Morgan,Mathis
799,James,Liu
800,Micheal,Burgess
801,Robert,Little
802,Tiffany,Johnson
803,John,Sawyer
804,Dennis,Kim
805,Yolanda,Sanchez
806,Ashley,Tran
807,Melissa,Lindsey
808,Linda,Roberson
809,Tracy,Weiss
810,Tammy,Strickland
811,Ryan,Baker
812,Krystal,Miller
813,Robert,Pitts
814,Betty,Moore
815,Brianna,Diaz
816,Ryan,Soto
817,Jennifer,Hughes
818,Jamie,Bishop
819,Kylie,Anderson
820,Robert,West
821,Joseph,Doyle
822,Crystal,Webb
823,Sarah,Jimenez
824,Charles,Cunningham
825,Jason,Owens
826,Sarah,Foster
827,Leah,Ramirez
828,Carol,Morgan
829,Jon,Richardson
830,Susan,Thomas
831,Frank,Turner
832,Jennifer,Barnett
833,John,Johnson
834,Jeff,Martinez
835,Angela,Zimmerman
836,Kari,Wilson
837,Luke,Harris
838,Susan,Leon
839,Suzanne,Carr
840,Amy,Wilson
841,Michelle,Townsend
842,Deanna,James
843,Heather,Kirby
844,Scott,Greene
845,Rachel,Mckee
846,Kendra,Sanchez
847,Nicole,Allen
848,Stacy,Garza
849,Matthew,Collins
850,Luis,Burton
851,Ruben,Thornton
852,Geoffrey,Williams
853,Juan,Jenkins
854,Elizabeth,Cortez
855,Gary,Grant
856,Michael,Thompson
857,Brandy,Wood
858,Kyle,Johnson
859,Courtney,Wilson
860,William,Cook
861,Natalie,Warren
862,Ariel,Wilcox
863,Amber,Jensen
864,Austin,Tanner
865,Danny,Gamble
866,Elizabeth,Rodriguez
867,Adam,Burnett
868,Hannah,Williams
869,Margaret,Williams
870,John,Roberson
871,Paul,Williams
872,Erin,Lawson
873,John,Newman
874,Amanda,Henry
875,Anthony,Davila
876,Vanessa,Aguirre
877,Morgan,Massey
878,Christopher,Mccoy
879,Tristan,Hampton
880,Michelle,Harrison
881,Emily,Duncan
882,Angela,Hayes
883,Kelli,Parker
884,Michael,Lane
885,Joann,Shelton
886,Jeremy,Davis
887,Elizabeth,Cole
888,Jeremy,Clark
889,Nancy,Stafford
890,Kristine,Pierce
891,Amy,Garcia
892,George,Crawford
893,Melissa,Marsh
894,Dean,Warner
895,Joshua,Tucker
896,Jennifer,Rogers
897,Christopher,Arnold
898,Jenny,Taylor
899,Daisy,Warren
900,Steven,Webb
901,Jamie,Reynolds
902,Alan,Cox
903,Kelly,Smith
904,Brianna,Paul
905,Joseph,Raymond
906,Rebecca,Munoz
907,Rebekah,Blankenship
908,Colton,Wilson
909,Joshua,Livingston
910,Robin,Wong
911,Chad,Young
912,Dana,White
913,Betty,Castro
914,Jade,Dudley
915,Vanessa,Bowman
916,Christy,Butler
917,James,Faulkner
918,Amber,Pitts
919,Anthony,Lewis
920,Shannon,Gilbert
921,Marc,Stark
922,Tony,Brewer
923,Timothy,Aguirre
924,Emily,Munoz
925,Jody,Watkins
926,Jessica,Wilson
927,Laura,Hamilton
928,Katherine,Taylor
929,Terri,Blanchard
930,Cheryl,Palmer
931,Ryan,Crawford
932,Patricia,Hall
933,Sabrina,Livingston
934,Sharon,Jones
935,Jermaine,Bullock
936,Chelsea,Fox
937,Mitchell,Barron
938,Felicia,Marshall
939,Brian,Wang
940,Anthony,Williams
941,Annette,Russo
942,Jesse,Mcintyre
943,Kevin,Calderon
944,Alicia,Coleman
945,William,Krause
946,Stephanie,Washington
947,Brittany,Galvan
948,Candice,Johnson
949,Trevor,Finley
950,Travis,Snow
951,Lisa,Melendez
952,Kelly,Williams
953,Robert,Mayer
954,Jessica,Davis
955,Gary,Miller
956,John,Thomas
957,Ashley,Yoder
958,Angela,Salazar
959,Audrey,Koch
960,Michael,Bush
961,Diane,Barnes
962,Scott,Walker
963,Jorge,Davis
964,Ashley,Zamora
965,Christian,Kim
966,Jennifer,Pugh
967,Julie,Doyle
968,Tanya,Robbins
969,Erika,Myers
970,Elizabeth,Berger
971,Justin,Flores
972,Stephen,Hill
973,Tony,Diaz
974,Matthew,Garcia
975,Sean,Andrade
976,Kevin,Andrews
977,Christopher,Booker
978,Christopher,Cook
979,Christopher,Johnson
980,Jennifer,Smith
981,Katherine,Diaz
982,Danielle,Smith
983,Sharon,Phillips
984,Jeanne,Nolan
985,Tammy,Patrick
986,Joshua,Harrison
987,Andrew,Johnson
988,Michael,Santiago
989,Aaron,Williams
990,David,Allen
991,Krystal,Singh
992,Billy,Heath
993,Theodore,Barrett
994,Lauren,Freeman
995,Kimberly,Coleman
996,Ronald,Miller
997,Gina,Campbell
998,Jose,Perez
999,Melinda,Jackson
1000,Laura,Torres
1001,William,Martin
1002,Mary,Peterson
1003,Karen,Miller
1004,Kathryn,Ballard
1005,Lauren,Smith
1006,Kenneth,Adams
1007,Tony,Murphy
1008,Justin,Mueller
1009,Stephanie,Hernandez
1010,Austin,Fleming
1011,Donna,Bauer
1012,Michael,Campbell
1013,Brianna,Johnson
1014,Nicole,Harris
1015,Robert,Palmer
1016,Julie,Mccoy
1017,Walter,Campos
1018,Joseph,Yang
1019,Emily,Anderson
1020,Laura,Walker
1021,Maria,Estrada
1022,Sandra,Hampton
1023,Elizabeth,Clark
1024,Kimberly,Perez
1025,Jeremy,Davis
1026,Julian,Fuentes
1027,Jeffrey,Becker
1028,Michael,Hayes
1029,Peter,Harris
1030,Angela,Cruz
1031,Frank,Webb
1032,Michelle,Parker
1033,Shawn,Boyer
1034,James,Fisher
1035,Laurie,Ho
1036,Danny,Spencer
1037,Elizabeth,Crawford
1038,Thomas,Sanders
1039,Joseph,Johnson
1040,Eric,Henry
1041,Gary,White
1042,Sherry,Green
1043,Phillip,Barton
1044,Tyler,Sharp
1045,Cynthia,Kelley
1046,Shannon,Rogers
1047,James,Briggs
1048,Sara,Carter
1049,Ronald,Bennett
1050,Rick,Nguyen
1051,Brittney,Horton
1052,Melvin,Jackson
1053,Sarah,Smith
1054,William,Beard
1055,Dale,Gardner
1056,Daniel,Gonzalez
1057,Robert,Lucero
1058,Willie,Hill
1059,Emily,Wright
1060,Eric,Floyd
1061,Michael,Long
1062,Michael,Daniels
1063,Nicole,Walker
1064,Kristin,Sawyer
1065,Mark,Coleman
1066,Phillip,Webb
1067,Kevin,Rodriguez
1068,John,Morris
1069,Greg,Glover
1070,Jose,Cannon
1071,David,Adams
1072,Gavin,Ortiz
1073,Emily,Rodriguez
1074,Lauren,Hall
1075,Anne,Hogan
1076,Chris,Allen
1077,Joshua,Hunt
1078,Brian,Winters
1079,Dawn,Brown
1080,Anthony,Banks
1081,Ann,Roberts
1082,Annette,Taylor
1083,Joy,Ponce
1084,Matthew,Miller
1085,Madeline,Wallace
1086,Corey,Fischer
1087,Christopher,Santiago
1088,Samuel,Avila
1089,Adriana,Norton
1090,Alex,Evans
1091,William,Wiggins
1092,April,Hoffman
1093,Sarah,Rowe
1094,Anna,Villarreal
1095,Isabella,Pugh
1096,Valerie,Green
1097,Erin,Baker
1098,Patrick,Wilson
1099,Joseph,Garcia
1100,Joshua,Armstrong
1101,Jason,Figueroa
1102,Matthew,Dalton
1103,Ronald,Roberts
1104,Anthony,Smith
1105,Ashley,Williams
1106,Jessica,Clements
1107,Melanie,Short
1108,Lauren,Johns
1109,Misty,Weiss
1110,Chad,Winters
1111,Dominique,Jones
1112,Juan,Sanders
1113,Brittany,Phillips
1114,Lauren,Baker
1115,Melissa,Holder
1116,Zachary,Mccormick
1117,Amanda,Jordan
1118,Cameron,Carrillo
1119,Angela,Rios
1120,Jorge,Costa
1121,Michael,Santiago
1122,Alyssa,Ortega
1123,Regina,Atkins
1124,Michael,Jones
1125,Mary,Henry
1126,Thomas,Johnson
1127,Tina,Ward
1128,Olivia,Cooper
1129,Michael,Price
1130,Peter,Anderson
1131,Joseph,Taylor
1132,Yvonne,Weaver
1133,David,Wood
1134,Brenda,Coleman
1135,Robert,Perez
1136,Christina,Johnson
1137,Bonnie,Thompson
1138,Thomas,Jones
1139,Stephen,Fisher
1140,Cassandra,Beck
1141,Todd,Hughes
1142,Veronica,Skinner
1143,Colton,Smith
1144,Jennifer,Brock
1145,Tara,Garcia
1146,David,Hicks
1147,Lee,Soto
1148,Marc,Davis
1149,Brian,May
1150,Sarah,Sanchez
1151,Kathryn,Kim
1152,Kevin,Brown
1153,Laura,Brown
1154,Jonathan,Bender
1155,Kelsey,Sanders
1156,Margaret,White
1157,Samantha,Bowman
1158,Heather,Davis
1159,Brittany,Weaver
1160,Kevin,Lane
1161,Michael,Bass
1162,Edwin,Rodriguez
1163,Ashley,Brown
1164,Jonathan,Stewart
1165,James,Thomas
1166,Shane,Oconnell
1167,Lori,Snyder
1168,Michael,Moore
1169,Mary,Day
1170,Larry,Burns
1171,Christina,Hill
1172,Kimberly,Smith
1173,Gregory,Martinez
1174,Charles,Young
1175,Carol,Leach
1176,Angela,Williams
1177,Aaron,Kerr
1178,Mitchell,Clark
1179,Lucas,Hahn
1180,Antonio,Dixon
1181,Lisa,Harvey
1182,Amanda,Beltran
1183,Michael,Thomas
1184,Hannah,Mason
1185,Jennifer,Reyes
1186,Erin,Ruiz
1187,Courtney,Brown
1188,Erica,Armstrong
1189,Cindy,Graves
1190,Alexandra,Benson
1191,Ryan,Allen
1192,David,Brown
1193,Tiffany,Lozano
1194,Maria,Patel
1195,Mario,Melton
1196,Erin,Sanchez
1197,Danielle,Williams
1198,Mckenzie,Everett
1199,Steven,Burke
1200,John,Johnson
1201,Anthony,Henry
1202,Richard,Hernandez
1203,Joseph,Jones
1204,Michael,Middleton
1205,Jennifer,Fields
1206,Jessica,Thomas
1207,William,Gates
1208,David,Valdez
1209,Daniel,Mitchell
1210,Leslie,Wood
1211,Stephanie,Allen
1212,Alan,Mccoy
1213,Rebecca,Thomas
1214,Shelby,White
1215,Richard,Mccarty
1216,Travis,Sherman
1217,Richard,Navarro
1218,Michelle,Taylor
1219,James,Ward
1220,Elizabeth,Sparks
1221,Gregory,Graves
1222,Sandra,Burns
1223,Caleb,Eaton
1224,Lauren,Stewart
1225,Michelle,Lang
1226,Angel,Jones
1227,James,Ramsey
1228,Nicholas,Jackson
1229,Eric,George
1230,David,Taylor
1231,Cynthia,Gillespie
1232,Sarah,Mueller
1233,Benjamin,Fuentes
1234,Shaun,Olson
1235,Gregory,Hernandez
1236,Brianna,Willis
1237,Rebecca,Copeland
1238,Brandon,Palmer
1239,Jesse,Mack
1240,Donna,Torres
1241,Robert,Giles
1242,Meagan,Carroll
1243,Kyle,Herrera
1244,Elizabeth,Kent
1245,Nancy,Bass
1246,Kelly,Owen
1247,Bryan,Phillips
1248,Kelly,Gray
1249,Ashley,Lopez
1250,James,Pacheco
1251,Nicholas,Drake
1252,John,Nguyen
1253,Shelley,Solomon
1254,Michelle,Kelley
1255,Barbara,Phillips
1256,Derek,Bishop
1257,Barbara,Mann
1258,Monica,Fernandez
1259,Alexandra,Mcdaniel
1260,Aaron,Smith
1261,Deborah,Arnold
1262,David,Powers
1263,Marie,Hale
1264,Holly,Davis
1265,Erica,Phillips
1266,Jose,Shaw
1267,Richard,Powell
1268,Kimberly,Anderson
1269,Eric,Figueroa
1270,Sara,Scott
1271,Richard,Porter
1272,Linda,Wright
1273,Jeffrey,Chavez
1274,John,Harrison
1275,Cheryl,Williams
1276,Charles,Lane
1277,Steven,Gallagher
1278,Hannah,Clark
1279,John,Gomez
1280,David,Cole
1281,Kathleen,Garner
1282,Betty,Mason
1283,Ruth,Dixon
1284,Rachel,Perez
1285,Patrick,Brooks
1286,Ricky,Moss
1287,Vanessa,Kennedy
1288,Peter,Johnson
1289,Amy,Shelton
1290,James,Phillips
1291,Lindsay,Bautista
1292,Michele,Blake
1293,Matthew,Middleton
1294,Chase,Ruiz
1295,Diane,Clark
1296,Judy,Fitzpatrick
1297,Adrian,Hayden
1298,Peter,Perry
1299,Tracy,Brown
1300,Melissa,Carey
1301,Emily,Gray
1302,Carly,James
1303,Casey,Robinson
1304,Cory,Hill
1305,Melissa,Rose
1306,Belinda,Salinas
1307,Ronnie,Spencer
1308,Charles,Williams
1309,Erika,Acosta
1310,Bobby,Wilson
1311,Stacey,Gutierrez
1312,Derek,Banks
1313,Mark,Fisher
1314,Travis,Fox
1315,Jennifer,Miranda
1316,Ronald,Wolf
1317,Richard,Patterson
1318,Samuel,Riley
1319,Danielle,Thomas
1320,Sean,Curry
1321,Mallory,Hutchinson
1322,Charles,Jones
1323,David,Owens
1324,Kevin,Huffman
1325,David,Hudson
1326,Ronald,Sims
1327,Clinton,Joseph
1328,Courtney,Ashley
1329,Jennifer,Schneider
1330,Misty,Le
1331,Alyssa,Davis
1332,Scott,Ellison
1333,Jamie,Harris
1334,Joseph,Davenport
1335,John,House
1336,Thomas,Davis
1337,John,Kirk
1338,Javier,Wagner
1339,Madison,Williams
1340,Tim,Glover
1341,Judith,Jackson
1342,Christy,Castillo
1343,Angela,Oconnell
1344,Mindy,Henderson
1345,Mark,Martin
1346,Billy,Poole
1347,Sean,Graves
1348,Steven,Gay
1349,Erika,Curtis
1350,Amber,Smith
1351,Steven,Carey
1352,Nancy,Patterson
1353,Luis,Davis
1354,Matthew,Hartman
1355,Alexa,Lloyd
1356,Wendy,Miller
1357,Travis,Wagner
1358,Maureen,Chapman
1359,James,Johnson
1360,Tracy,Bowman
1361,Shane,Gillespie
1362,Rebecca,Weaver
1363,Stephanie,Herman
1364,Patricia,Grimes
1365,John,Hicks
1366,Lee,Nelson
1367,Kelli,White
1368,Kenneth,Serrano
1369,Sheila,Perry
1370,Francisco,Perez
1371,Bradley,Obrien
1372,Kenneth,Henderson
1373,Laura,Pace
1374,Phillip,Perry
1375,Brandon,Miller
1376,Traci,Beltran
1377,Patrick,Cruz
1378,Glenn,Smith
1379,Logan,Clark
1380,Jeffery,Costa
1381,Manuel,Chaney
1382,Heather,Smith
1383,Randy,Williams
1384,Roger,Austin
1385,Matthew,Munoz
1386,Rachel,Johnson
1387,Erica,Adams
1388,Danielle,Arnold
1389,Donald,Moran
1390,Matthew,Cobb
1391,Brianna,Madden
1392,Matthew,Nguyen
1393,Lindsay,Davis
1394,Anthony,Ramirez
1395,Justin,Robertson
1396,Dan,Vega
1397,Debra,Rodriguez
1398,Katie,Beasley
1399,Krista,Mclaughlin
1400,Jimmy,Peterson
1401,Tristan,Schultz
1402,Ryan,Schneider
1403,Joseph,Curtis
1404,Steven,Smith
1405,Robert,Williams
1406,Pamela,Stewart
1407,Beth,Gilbert
1408,Lisa,Escobar
1409,Amanda,Barnes
1410,Sara,Hunter
1411,Richard,Melendez
1412,Michael,Massey
1413,Sean,Whitaker
1414,Jesse,Chen
1415,Bradley,Knox
1416,Dustin,Kim
1417,Kelly,George
1418,Brianna,Patrick
1419,Ashley,Rivera
1420,Morgan,Wu
1421,Garrett,Smith
1422,Alex,Allen
1423,Denise,Williams
1424,Wendy,Hutchinson
1425,April,Anderson
1426,Jay,Porter
1427,Juan,Miller
1428,Timothy,Hayes
1429,Kathleen,Navarro
1430,Jason,Martin
1431,Jeffrey,Williams
1432,Lisa,Miller
1433,Joanna,Smith
1434,Jill,Le
1435,Patricia,Odonnell
1436,Melanie,Alvarez
1437,Gary,Cordova
1438,James,Hood
1439,Jason,Parsons
1440,Melinda,Small
1441,Michael,Sparks
1442,Joseph,Winters
1443,Holly,Davidson
1444,Mark,Harris
1445,Abigail,Kirk
1446,Haley,Ford
1447,Dawn,Cunningham
1448,James,Hernandez
1449,Richard,Moore
1450,Kyle,Johnson
1451,Jay,Sanchez
1452,Katie,Park
1453,Lisa,Gilbert
1454,David,Singh
1455,Monica,Flores
1456,Thomas,Williams
1457,Kelly,Scott
1458,Misty,Prince
1459,Steven,James
1460,Maurice,Good
1461,Stephanie,Lopez
1462,Maria,Smith
1463,Christopher,Scott
1464,Sarah,Wolfe
1465,Adam,Lewis
1466,Daniel,Zamora
1467,Derek,Robinson
1468,Michael,Davis
1469,Melinda,Nelson
1470,Brian,Smith
1471,Laura,Reeves
1472,Deborah,Baker
1473,Patrick,Estrada
1474,Morgan,Black
1475,Hannah,Charles
1476,Melissa,Holmes
1477,Timothy,Taylor
1478,Benjamin,Brown
1479,Jessica,Brown
1480,Brianna,Campbell
1481,Catherine,Jackson
1482,Sandra,Morris
1483,Johnathan,Pace
1484,Joan,Davis
1485,Colton,Manning
1486,James,Edwards
1487,Mia,Joyce
1488,Brenda,James
1489,Andrew,Griffith
1490,Jared,Solomon
1491,Leah,Scott
1492,Paul,Burnett
1493,Margaret,Young
1494,Nicholas,Lee
1495,Samantha,Taylor
1496,Luis,Camacho
1497,Taylor,Richardson
1498,James,Owens
1499,Robert,Vega
1500,James,Jones
1501,Christopher,Brady
1502,Christian,Evans
1503,Stephen,Baker
1504,Carlos,Carter
1505,Kelly,Nash
1506,Stuart,Cruz
1507,Mark,White
1508,Jose,Roberts
1509,Andrea,Ross
1510,Devon,Mills
1511,Jermaine,Washington
1512,Andrea,Park
1513,Kayla,Mitchell
1514,Robert,Bond
1515,Jose,Alvarez
1516,Pamela,Jones
1517,Janet,Sanders
1518,Jamie,Smith
1519,Angela,Duncan
1520,Andrea,Smith
1521,Jason,Petty
1522,Michael,Holloway
1523,Cassandra,Pearson
1524,Michael,Coffey
1525,Kelly,Flores
1526,Matthew,Fowler
1527,Eric,Leon
1528,Edward,Young
1529,Abigail,Morgan
1530,Heather,Nixon
1531,William,Cole
1532,Christopher,Barnes
1533,Jennifer,Wong
1534,Laurie,Wood
1535,Jordan,Johnston
1536,Teresa,Campbell
1537,Laura,Lopez
1538,Alexander,Ray
1539,Jeffrey,Cunningham
1540,Ebony,Young
1541,Amy,Robinson
1542,Joshua,Irwin
1543,Shelby,Peterson
1544,Gary,Hicks
1545,Julia,Brooks
1546,Roger,Williams
1547,Robert,Anderson
1548,Ethan,Rodgers
1549,Tiffany,Stone
1550,Tracy,Rodriguez
1551,Nicole,Cameron
1552,Molly,Reeves
1553,Daniel,Munoz
1554,Todd,Bradley
1555,Derek,Jordan
1556,Daniel,Haynes
1557,Danielle,Olson
1558,Christina,Gonzales
1559,Michael,Ortiz
1560,James,Clark
1561,Ian,Reed
1562,James,Morris
1563,Andre,Thornton
1564,Ashlee,Fox
1565,Sandra,Valdez
1566,Jared,Ford
1567,Debra,Salinas
1568,Gregory,Jackson
1569,David,Stephenson
1570,Charles,Chapman
1571,Richard,Ryan
1572,Jacob,Bowman
1573,Janet,Wells
1574,Sharon,Gonzales
1575,Victor,Joseph
1576,Dawn,Smith
1577,Chloe,Perez
1578,Nicole,Morton
1579,Marc,Le
1580,Stephanie,Washington
1581,Michele,Yates
1582,Cindy,Adams
1583,Evan,Patel
1584,Rachel,Lopez
1585,Leah,Sullivan
1586,Dawn,Williams
1587,Charles,Hanson
1588,Joseph,Stein
1589,Joanna,Leblanc
1590,Sarah,Acosta
1591,Nathan,Vega
1592,Jennifer,Ramirez
1593,Michelle,Jackson
1594,James,Arias
1595,Angela,Ruiz
1596,Randall,Werner
1597,Shelia,Lawrence
1598,Ryan,Reed
1599,Adam,Kelly
1600,Jessica,Morgan
1601,Ryan,Perez
1602,Rachel,Malone
1603,Thomas,Alexander
1604,Matthew,Powell
1605,Adriana,Williams
1606,Kathryn,Anderson
1607,Lauren,Barber
1608,Michael,Nelson
1609,Janet,Cooper
1610,Mary,Howell
1611,Rachel,Morris
1612,Julie,Beasley
1613,Justin,Mendoza
1614,Kevin,Wright
1615,Robert,Thomas
1616,Lisa,Fuller
1617,Angela,Park
1618,Sydney,King
1619,Jenny,Lopez
1620,Lisa,Mcdonald
1621,Bryan,Scott
1622,Brandi,Adams
1623,Danielle,Velazquez
1624,Kimberly,Pham
1625,Chad,Cruz
1626,Donald,Bush
1627,Robert,Berg
1628,Christopher,Owens
1629,Renee,Chambers
1630,Sheila,Hughes
1631,Molly,Warner
1632,Caitlyn,Moyer
1633,William,Grant
1634,Jacob,Caldwell
1635,Scott,Taylor
1636,Debbie,Jackson
1637,Tiffany,Garrett
1638,Natalie,Black
1639,Larry,Moore
1640,Heather,Becker
1641,Rebecca,Martinez
1642,Allen,Garcia
1643,Lawrence,Miller
1644,Brandi,Logan
1645,Matthew,Cantrell
1646,Timothy,Phillips
1647,Brandon,David
1648,Ronnie,Arellano
1649,Julie,Anthony
1650,Melissa,Hill
1651,Robert,Horne
1652,Eric,Kemp
1653,Adrian,Sheppard
1654,Krystal,Palmer
1655,Sherry,Miles
1656,Frank,Anderson
1657,Jennifer,Harvey
1658,Katherine,Weber
1659,Larry,Kelly
1660,Christina,Ward
1661,Kayla,Wiggins
1662,Kayla,Robinson
1663,Michelle,Parker
1664,Susan,Reeves
1665,Joseph,Jones
1666,Carl,Johnson
1667,Julie,Wilson
1668,Eileen,Garcia
1669,Tamara,Adams
1670,Melinda,Olson
1671,Ryan,Morgan
1672,Jacqueline,Frank
1673,Christine,Adams
1674,Shane,Bryant
1675,Wanda,Odom
1676,Mark,Ford
1677,Benjamin,Ford
1678,Brittany,Allen
1679,Jennifer,Thomas
1680,David,Garcia
1681,Jesse,Cherry
1682,Melvin,Jones
1683,Ruth,Roman
1684,Juan,Duran
1685,Ashley,Holland
1686,Kara,Dodson
1687,Kelli,Haynes
1688,Lauren,Warren
1689,Mary,Scott
1690,Alexis,Rowe
1691,Bradley,Carter
1692,Regina,Jones
1693,Rita,Sampson
1694,Jessica,Orr
1695,Holly,Chase
1696,Charles,Benson
1697,Debra,Patterson
1698,Lindsay,Villegas
1699,Angela,Murphy
1700,Austin,Freeman
1701,Andrew,Camacho
1702,Alex,Wright
1703,Lisa,Nixon
1704,Peggy,Thompson
1705,Stanley,White
1706,Jeffrey,Jordan
1707,John,Gonzalez
1708,Jose,Ross
1709,Dakota,Thompson
1710,Emma,Wright
1711,Jacob,Castro
1712,Bill,Garrison
1713,Rebecca,Hill
1714,Christian,Evans
1715,Maria,Chavez
1716,Tammy,Garcia
1717,Sherry,Mcmahon
1718,Scott,Sanchez
1719,Sharon,Cook
1720,Anthony,Carroll
1721,Frank,Morgan
1722,Melissa,Martin
1723,Donald,Wilson
1724,Elizabeth,Stone
1725,Stephanie,Daugherty
1726,Troy,Miles
1727,Zachary,Sanchez
1728,Robert,Jackson
1729,Travis,Boone
1730,Joseph,Winters
1731,Steven,Watson
1732,Douglas,Smith
1733,Kenneth,Donaldson
1734,Natalie,Bond
1735,Emily,Rodriguez
1736,Phillip,Boyer
1737,Melanie,Chandler
1738,Heather,Moore
1739,Mary,Hernandez
1740,Julia,Graves
1741,Diane,Webb
1742,Steven,Marsh
1743,William,Drake
1744,Angela,Myers
1745,Rebecca,Ortiz
1746,Ryan,Mccall
1747,Caleb,Miller
1748,Jasmin,Gutierrez
1749,Kevin,Brown
1750,Brent,Baker
1751,Kimberly,Kim
1752,Lisa,Young
1753,Tyler,Edwards
1754,Katherine,Cole
1755,Jeff,Baker
1756,Stephanie,Ross
1757,Cynthia,Wilson
1758,Stephen,Sheppard
1759,Christopher,Griffin
1760,Veronica,Chambers
1761,Emily,Morgan
1762,Kimberly,Sandoval
1763,Cheryl,Mullins
1764,Aaron,Dixon
1765,Barbara,Garcia
1766,Regina,Austin
1767,Joshua,Richardson
1768,Robert,Price
1769,Maurice,Gonzalez
1770,Melinda,Flores
1771,Tammy,Tate
1772,Sandra,Bernard
1773,Amy,Hernandez
1774,William,Gay
1775,Karen,Hunt
1776,Richard,Rivera
1777,Michael,Wilson
1778,Benjamin,Thompson
1779,Nicole,Edwards
1780,Adrian,Acosta
1781,Heather,Bartlett
1782,Virginia,Barker
1783,Mark,Jones
1784,Laura,Mejia
1785,Jeremiah,Bailey
1786,Antonio,Smith
1787,Patricia,Knox
1788,David,Fields
1789,Sherri,Lopez
1790,Eric,Hayes
1791,Crystal,Garcia
1792,Sandra,Hood
1793,Kerri,Downs
1794,Kayla,Silva
1795,Brian,Franco
1796,Sharon,Stephens
1797,Christine,Moore
1798,Bethany,Johnson
1799,Michael,Garner
1800,Douglas,Wright
1801,Amy,Watson
1802,Stephanie,Armstrong
1803,Rebecca,Pittman
1804,William,Lang
1805,Doris,Johnson
1806,Jeffery,Griffin
1807,Ana,Wilson
1808,Brittany,Rodriguez
1809,Joseph,Yang
1810,Ronald,Johnson
1811,James,Potter
1812,Hannah,Pennington
1813,Kayla,Brown
1814,Dana,Johnston
1815,Laura,Mcpherson
1816,Mary,Forbes
1817,Arthur,Garza
1818,Brenda,Hall
1819,Leah,Murphy
1820,Leah,Porter
1821,John,Wu
1822,Jessica,Melendez
1823,William,Olson
1824,Trevor,Castillo
1825,Miguel,Mitchell
1826,Justin,Hunter
1827,Jeremy,Sanders
1828,Tyler,Smith
1829,Shelly,Velazquez
1830,Eugene,Gould
1831,Timothy,Adams
1832,Eric,Ramirez
1833,Kathy,Johnson
1834,David,Riley
1835,Steven,Edwards
1836,Rachel,Boyer
1837,Mark,Webb
1838,Lori,Smith
1839,James,Kim
1840,Victoria,Sullivan
1841,Christina,Hayes
1842,Ana,Wilkins
1843,Erik,Wheeler
1844,Kathryn,Stewart
1845,Andrea,Arnold
1846,Michael,Benson
1847,Angela,Clarke
1848,Lisa,Gregory
1849,Penny,Vazquez
1850,Zachary,Smith
1851,Mitchell,Hill
1852,Joanne,Young
1853,Vanessa,Mckay
1854,Natasha,Anthony
1855,Joseph,Lee
1856,Jodi,Brown
1857,Linda,Peterson
1858,Tristan,Schwartz
1859,Margaret,Prince
1860,Rachel,Williamson
1861,Stephen,Jones
1862,Gloria,Lewis
1863,Suzanne,Hatfield
1864,Victoria,Oconnor
1865,Elizabeth,Wood
1866,Jennifer,Wilcox
1867,Jennifer,Smith
1868,John,Blackwell
1869,Sarah,Smith
1870,David,Shelton
1871,Matthew,Guerrero
1872,Kim,Robinson
1873,Steven,Obrien
1874,Sheila,Delgado
1875,Betty,Harris
1876,Joseph,Stark
1877,Jennifer,Downs
1878,Eric,Hobbs
1879,Monica,Ross
1880,William,Hobbs
1881,Virginia,Harris
1882,Mary,Tyler
1883,Madison,Gibson
1884,Laura,White
1885,Jessica,Brooks
1886,Anna,Taylor
1887,Melinda,Mosley
1888,Kathy,Allen
1889,Johnny,Ferrell
1890,Tina,Whitaker
1891,Rodney,Curtis
1892,Robert,Davis
1893,Matthew,Rodriguez
1894,Michael,Daniel
1895,Connor,Griffin
1896,Michael,Griffin
1897,Tara,Monroe
1898,Willie,Ramsey
1899,Taylor,Vazquez
1900,Brad,Mclean
1901,Kirk,Shelton
1902,Kara,Cruz
1903,Shari,Boyd
1904,Linda,Miller
1905,Eric,Ramos
1906,Erik,Oliver
1907,Adam,King
1908,Noah,Anderson
1909,Elizabeth,Williams
1910,Jeremiah,Davis
1911,Jill,Morrison
1912,Tanya,Bell
1913,Yvette,Ellis
1914,Isaiah,Mcpherson
1915,Emily,Payne
1916,Danielle,Rasmussen
1917,Ryan,Meyer
1918,Abigail,Knapp
1919,Joseph,Nelson
1920,Laura,Kemp
1921,Timothy,Moore
1922,Jessica,Rodriguez
1923,Deanna,Donovan
1924,Jose,Walker
1925,Valerie,Davis
1926,Michael,Mckinney
1927,Heather,Martin
1928,Matthew,Obrien
1929,Manuel,Robinson
1930,Russell,Glover
1931,Michelle,Martinez
1932,Sarah,Roberts
1933,David,Parks
1934,Christopher,Hodges
1935,Alexis,Newton
1936,Susan,Guzman
1937,William,Conrad
1938,Mitchell,Odom
1939,Jorge,Carter
1940,Martin,Whitaker
1941,Martin,Aguilar
1942,Edward,Ward
1943,Kaitlyn,Howard
1944,Christian,Smith
1945,Michael,Wheeler
1946,Laura,Reynolds
1947,John,Clark
1948,James,Clark
1949,Angela,Dunn
1950,Cynthia,Bradley
1951,Amanda,Hansen
1952,Dustin,Colon
1953,Keith,Williams
1954,Janice,Sampson
1955,Frank,Hughes
1956,Susan,Russell
1957,Kristi,Phillips
1958,Marie,Ramos
1959,Stephanie,Love
1960,Christina,Owens
1961,Steven,Wagner
1962,Tiffany,Davis
1963,Matthew,Moore
1964,Keith,Kelly
1965,Thomas,Harvey
1966,Leslie,Ali
1967,Andrew,Roberts
1968,Gabrielle,Murphy
1969,Marissa,Bruce
1970,Stephen,Johnston
1971,Tammy,Blanchard
1972,Andrea,Hall
1973,Amanda,Tucker
1974,Brittany,Robinson
1975,David,Rogers
1976,Jennifer,Christensen
1977,Keith,Conley
1978,Stacy,Nelson
1979,Andrew,Chavez
1980,James,Martin
1981,Ashley,Banks
1982,Richard,Gonzalez
1983,Steven,Vasquez
1984,Scott,Ward
1985,Amanda,Durham
1986,Scott,Vincent
1987,Joshua,Crawford
1988,Jennifer,Stone
1989,Richard,Deleon
1990,Melissa,Jackson
1991,Manuel,Livingston
1992,Robert,Decker
1993,Keith,Norman
1994,Randy,Harrison
1995,Laura,Mccarty
1996,Kevin,Williams
1997,Lisa,Martinez
1998,Sally,Espinoza
1999,Kristen,Smith
2000,Amanda,Nguyen
2001,Suzanne,Schwartz
2002,David,White
2003,Deanna,Larson
2004,Paul,Carter
2005,Rebecca,Lindsey
2006,Joseph,Brown
2007,Jason,Parker
2008,Arthur,Deleon
2009,Elizabeth,Aguilar
2010,David,Greene
2011,Erika,Chen
2012,Christy,Wallace
2013,Rachael,Cooper
2014,Luke,Pham
2015,Christine,Shelton
2016,Dawn,Butler
2017,Troy,Ortiz
2018,Julie,Ramirez
2019,Joy,Wright
2020,Jason,Chen
2021,Manuel,Morrow
2022,Kimberly,Munoz
2023,Michael,Allen
2024,Sonia,Nelson
2025,Jeanette,Gordon
2026,Michael,Rodriguez
2027,Jonathan,Graves
2028,Jeremy,Nash
2029,Andrew,Stein
2030,Denise,Moore
2031,Zachary,Pierce
2032,John,Stanton
2033,Kelly,Fernandez
2034,Michael,Gould
2035,Dawn,Johnson
2036,James,Conley
2037,Margaret,Swanson
2038,Teresa,Chang
2039,Jacob,Smith
2040,Danielle,Caldwell
2041,Gregg,Robinson
2042,Christine,Washington
2043,Gail,Cole
2044,Caroline,Evans
2045,Bonnie,Lopez
2046,Christopher,Garcia
2047,Nicole,Johnson
2048,Bobby,Hodge
2049,John,Davis
2050,Andrew,Rogers
2051,Antonio,Smith
2052,Daniel,Lewis
2053,Lisa,Rivera
2054,John,Rice
2055,Kathryn,King
2056,Misty,Cook
2057,Leslie,Brown
2058,Nathan,Gonzalez
2059,Regina,Perez
2060,Angela,Parker
2061,Jessica,Bird
2062,Jade,Decker
2063,Claudia,Salazar
2064,Ronald,Peters
2065,Gavin,Curry
2066,Mitchell,Reid
2067,Nicole,Stanton
2068,Laura,Gomez
2069,Denise,Riley
2070,Danielle,Mitchell
2071,John,Cooley
2072,Joseph,Foster
2073,William,Davis
2074,Paula,Hicks
2075,Julie,Frederick
2076,James,Barker
2077,Jacqueline,Ellis
2078,John,Lowe
2079,Melissa,Reyes
2080,Becky,Powell
2081,David,Watson
2082,Jerry,Adkins
2083,Ashley,Johnson
2084,Lisa,Mckenzie
2085,Bryan,Flynn
2086,Sabrina,Rose
2087,Ashley,Vasquez
2088,Victor,Perry
2089,Justin,Larsen
2090,Jerry,Cook
2091,David,Carter
2092,Martha,Lam
2093,Cristian,Edwards
2094,Kevin,Morgan
2095,Travis,Webb
2096,Paul,Myers
2097,David,Parker
2098,Victoria,Collins
2099,Jeffrey,Henry
2100,Leonard,Montes
2101,Jennifer,Barr
2102,Thomas,Lin
2103,Marcus,Vazquez
2104,Lori,Horton
2105,Michelle,Morris
2106,Ethan,Martin
2107,Jasmine,Shaw
2108,Robert,Ewing
2109,Sarah,Smith
2110,David,Wilson
2111,Monica,Johnson
2112,Michael,Scott
2113,Erin,Long
2114,Susan,Terry
2115,Mariah,Ramos
2116,William,Ramos
2117,George,Holmes
2118,Pamela,Woods
2119,Carla,Cabrera
2120,Paula,Davis
2121,David,Chen
2122,Derek,Yates
2123,Craig,Stewart
2124,William,Alvarez
2125,Katie,Murphy
2126,Summer,Dougherty
2127,Jessica,Mathews
2128,Lauren,Greene
2129,Brenda,Holmes
2130,Peter,Jackson
2131,Kevin,Camacho
2132,Karen,Kerr
2133,Jason,Jenkins
2134,Cory,Barnes
2135,Mary,Hogan
2136,Donald,Hebert
2137,Jeffrey,Henderson
2138,Donna,Watts
2139,Darryl,Marshall
2140,Janice,Stanton
2141,George,Moon
2142,Scott,Lewis
2143,Gregory,Howell
2144,David,Reed
2145,Mackenzie,Vargas
2146,Tiffany,Clark
2147,Robert,Atkins
2148,William,Sanders
2149,Deborah,Knox
2150,Dawn,Johnson
2151,Louis,Bond
2152,Gilbert,Moore
2153,Richard,Drake
2154,Thomas,Bell
2155,Ashley,Mcintosh
2156,Kimberly,Ramirez
2157,Timothy,Nelson
2158,April,Morgan
2159,Jessica,Davidson
2160,Robert,Gillespie
2161,Mark,Barker
2162,Natalie,Gomez
2163,Christine,Howe
2164,Annette,Houston
2165,Russell,Phillips
2166,Kenneth,Brown
2167,Dustin,Tran
2168,Beth,Patel
2169,Austin,Kennedy
2170,Barbara,Donovan
2171,Michael,Griffin
2172,Preston,Perez
2173,Ethan,Yang
2174,Jennifer,Johnson
2175,Donna,Sullivan
2176,Susan,Perez
2177,Debbie,Brown
2178,Ronald,Douglas
2179,Kristen,Johnson
2180,Philip,Ferguson
2181,Jerry,Daniels
2182,Greg,Mcbride
2183,Brandon,Frank
2184,Keith,Murphy
2185,Larry,Douglas
2186,Thomas,Russell
2187,Morgan,Garcia
2188,Devin,Short
2189,Ashley,Matthews
2190,Sarah,Ramos
2191,Larry,Huffman
2192,Michael,Nelson
2193,Antonio,Blair
2194,Jonathan,Larsen
2195,Jacqueline,Carter
2196,Timothy,Wilson
2197,Stephen,Williams
2198,Michael,Russell
2199,Catherine,Charles
2200,Molly,Moore
2201,Jacob,Johnson
2202,Joshua,Andrews
2203,Nicole,Jones
2204,Lisa,Gonzalez
2205,Deborah,Jordan
2206,Amy,Cox
2207,Ricardo,Williams
2208,John,Torres
2209,Charles,Howard
2210,Michael,Brock
2211,Paul,Perez
2212,Felicia,Vasquez
2213,John,Carroll
2214,Stephanie,Garcia
2215,Dustin,Robles
2216,Emily,Long
2217,Jennifer,James
2218,Natalie,Garcia
2219,Larry,Wilson
2220,Jamie,Marshall
2221,David,Smith
2222,Christine,Krause
2223,Jerry,Santos
2224,Isaac,Thomas
2225,Jamie,Mccormick
2226,Chad,Cohen
2227,Jose,Webb
2228,Tina,Wilson
2229,Stephanie,Long
2230,Brad,James
2231,Alexa,Jordan
2232,Pam,Daniel
2233,Jaclyn,Nunez
2234,Timothy,Martin
2235,April,Hood
2236,Samantha,Scott
2237,Amy,Graham
2238,Daniel,Benson
2239,Jeremy,Neal
2240,Crystal,Bentley
2241,Courtney,Rogers
2242,Michael,Warren
2243,Megan,Delgado
2244,Robert,Jones
2245,Bridget,Jenkins
2246,Alyssa,Gardner
2247,Samantha,Davidson
2248,Gregory,Schmitt
2249,Kathleen,Reed
2250,Jennifer,Coleman
2251,Eddie,May
2252,Rebecca,Riley
2253,Rita,Sherman
2254,James,Glover
2255,Christine,Smith
2256,David,Wright
2257,Pamela,Taylor
2258,Whitney,Miller
2259,Adam,Rivera
2260,Gregg,Ballard
2261,Jessica,Mccann
2262,Michael,Lawson
2263,Ashley,Stein
2264,Gerald,Terrell
2265,Ashley,Aguilar
2266,Michelle,Kennedy
2267,Scott,Church
2268,Amber,Bell
2269,John,Miller
2270,Stephanie,Raymond
2271,Patrick,Williams
2272,Brandon,Watts
2273,Adrian,Chaney
2274,Carly,Cochran
2275,Heidi,Kelly
2276,Richard,Tyler
2277,Timothy,Mcdonald
2278,Mary,Maxwell
2279,Michael,Johnson
2280,Ashley,Davis
2281,Heather,Moreno
2282,Stephen,Ramirez
2283,James,Andersen
2284,Ruben,Jones
2285,Alexandra,Jones
2286,Kyle,Schmidt
2287,Angela,Jacobs
2288,Robert,Schwartz
2289,Andrea,Jones
2290,Amanda,Lynch
2291,Jennifer,Bennett
2292,William,Riley
2293,Cynthia,Hernandez
2294,Sabrina,Hawkins
2295,Kyle,Bell
2296,Robert,Cruz
2297,Crystal,Guzman
2298,Elizabeth,Watson
2299,Sonya,Simmons
2300,David,Wolfe
2301,Christina,Jacobs
2302,Brittany,Curry
2303,Christopher,Hensley
2304,Jonathan,Santiago
2305,Erin,Simpson
2306,Robert,Fox
2307,Pamela,Cox
2308,Christina,Green
2309,Travis,Walker
2310,Peter,Krueger
2311,Michelle,Bishop
2312,Megan,Callahan
2313,Tara,Meadows
2314,Rebecca,Walker
2315,Erica,Nelson
2316,Regina,Carter
2317,Maria,Davis
2318,Edwin,Hanson
2319,Sarah,Smith
2320,Angela,Willis
2321,Amanda,Salinas
2322,Jessica,Cline
2323,Hannah,Turner
2324,Jessica,Crosby
2325,Terrence,Andrews
2326,Jesus,Clark
2327,Christine,Henderson
2328,Julie,Gardner
2329,Derek,Berger
2330,Mark,Curtis
2331,Jamie,Williams
2332,George,Shelton
2333,Tom,Perez
2334,Daniel,Cruz
2335,Jerry,Moore
2336,Travis,Adams
2337,Amanda,Lawrence
2338,Cheryl,Mercer
2339,Lisa,Dunn
2340,Kelsey,Blair
2341,Melissa,White
2342,Julie,Evans
2343,Noah,Andrade
2344,William,Carter
2345,Linda,Young
2346,Daniel,Tucker
2347,Paul,Adams
2348,Jessica,Moore
2349,Jacob,Flores
2350,Matthew,Bennett
2351,Jacob,Arroyo
2352,James,Wilcox
2353,Kathryn,Tucker
2354,Cheyenne,Williams
2355,Stephanie,Stewart
2356,Allison,Wilson
2357,James,Jones
2358,Joseph,Greene
2359,Holly,Jackson
2360,Michelle,Brown
2361,John,Jones
2362,Lori,Nelson
2363,Tiffany,Erickson
2364,Veronica,Campbell
2365,Whitney,Miller
2366,Rhonda,Larson
2367,John,Brooks
2368,Julie,Rodriguez
2369,Spencer,Johnson
2370,John,Lee
2371,Benjamin,Mullins
2372,Barbara,Delgado
2373,Angela,Haynes
2374,Victoria,Hawkins
2375,Patrick,Pineda
2376,Steven,Hicks
2377,Joseph,Reed
2378,Justin,Simpson
2379,Marissa,Walker
2380,Daniel,Nichols
2381,Nichole,Christensen
2382,Brendan,Harris
2383,Kristina,Garrett
2384,David,Martin
2385,Robert,Reynolds
2386,Raymond,Kemp
2387,Edward,Mendoza
2388,Trevor,Yates
2389,Nicole,Grant
2390,Sarah,Alvarado
2391,Tara,Meza
2392,Patrick,Baker
2393,Daniel,Myers
2394,Robert,Newton
2395,Elizabeth,Evans
2396,Susan,Anderson
2397,Jeffrey,Parker
2398,Jared,Ortiz
2399,Jaime,Garcia
2400,Tom,Cook
2401,Brandon,Russell
2402,Kevin,Smith
2403,Colleen,Mcclain
2404,Robert,Robinson
2405,Sean,Chambers
2406,Sarah,Scott
2407,Ashley,Rogers
2408,Jenna,Gomez
2409,Mary,Henderson
2410,John,Dixon
2411,Victor,Doyle
2412,Cassandra,Williams
2413,Marissa,Colon
2414,Beverly,Morgan
2415,Jennifer,Bates
2416,Kelly,Clark
2417,Jesse,Lowe
2418,Jorge,Mckenzie
2419,Sean,Wyatt
2420,Michael,Schwartz
2421,Stephanie,Evans
2422,Marisa,Harris
2423,John,Rodgers
2424,Paul,Owens
2425,Michael,Johnson
2426,Daniel,Jones
2427,Darrell,Hammond
2428,Ashley,Hernandez
2429,Brandon,Stevens
2430,Peter,Rocha
2431,Kenneth,Castro
2432,Jesus,Jones
2433,Laurie,Spencer
2434,Corey,Nelson
2435,Kenneth,Phillips
2436,Connie,Sanchez
2437,Darlene,Keller
2438,Ryan,Bass
2439,Jason,Martinez
2440,Michael,Ellis
2441,Chad,Reilly
2442,Lauren,Orozco
2443,Diane,Martinez
2444,Leon,Gonzalez
2445,Dawn,Taylor
2446,William,Moreno
2447,Jessica,Howell
2448,Steven,Oconnell
2449,Misty,Jacobs
2450,Steven,Zavala
2451,Malik,Cole
2452,Sergio,Murphy
2453,Christy,Wang
2454,Rebecca,Pena
2455,Dawn,Schneider
2456,Susan,Hawkins
2457,Christopher,Garcia
2458,Susan,Baker
2459,Lauren,Wood
2460,Brenda,Perez
2461,Michael,Haynes
2462,Brian,Lewis
2463,Alyssa,Watson
2464,Michael,Williams
2465,Ronald,Gonzalez
2466,Gregory,Burnett
2467,Sandra,Myers
2468,Christina,Massey
2469,Jennifer,Moore
2470,Jacob,Delgado
2471,Richard,Garcia
2472,Christopher,Jones
2473,Tina,Hernandez
2474,Robert,Wallace
2475,Tammy,Allison
2476,Jennifer,Galloway
2477,Martin,Carpenter
2478,Marissa,Davies
2479,Susan,Wallace
2480,Angela,Reynolds
2481,Vincent,Arnold
2482,Timothy,Reed
2483,Jasmine,Flores
2484,Amanda,Sellers
2485,Kayla,Rosario
2486,Donna,Mendoza
2487,Adam,Marshall
2488,Kristin,Johnston
2489,Alexander,Dennis
2490,Daniel,Nelson
2491,Sherri,Smith
2492,Misty,Moore
2493,Kathleen,Le
2494,Joseph,Barnes
2495,David,Hill
2496,Tyler,Wilson
2497,Kaitlyn,Silva
2498,Timothy,Smith
2499,Mary,Williams
2500,Barbara,Ramirez
2501,Joann,Campos
2502,Lisa,Burton
2503,Anthony,Wade
2504,Jeffrey,Lucas
2505,Jacob,Ramos
2506,Barry,Martinez
2507,Nicole,Wilson
2508,Sarah,Jones
2509,Dawn,Robertson
2510,Thomas,Mitchell
2511,Courtney,Abbott
2512,Ricky,Allen
2513,Cassandra,Griffin
2514,Deborah,Reid
2515,Kimberly,Ford
2516,Erin,Dominguez
2517,Kim,Sellers
2518,Emily,Phillips
2519,Timothy,Moss
2520,Robert,Hatfield
2521,Daisy,Bell
2522,Jennifer,Holland
2523,Robert,Hughes
2524,Christopher,Fisher
2525,Sara,Peterson
2526,Kyle,Arnold
2527,Jacqueline,Daugherty
2528,Ashlee,Burns
2529,Donna,Cervantes
2530,John,Gray
2531,Amanda,Perkins
2532,Kristine,Gardner
2533,Angela,Lynch
2534,Christopher,Nunez
2535,Christina,Nelson
2536,Scott,Allen
2537,Luis,Morris
2538,Jesse,Gibson
2539,Christine,Miller
2540,Denise,Williams
2541,Donald,Morgan
2542,Andrew,Taylor
2543,Maria,Chavez
2544,Robert,Brown
2545,Kim,Allen
2546,Johnny,Browning
2547,Mary,Walker
2548,Stacy,Snyder
2549,Gregory,Mason
2550,Jamie,Martin
2551,Brittany,Villanueva
2552,Norman,Frey
2553,Alexander,Scott
2554,Joshua,Anderson
2555,Adam,Delacruz
2556,Deanna,Deleon
2557,Thomas,Galloway
2558,Patrick,Alvarez
2559,Rebecca,Martinez
2560,Kayla,Perez
2561,Scott,Reynolds
2562,Mark,Gonzalez
2563,Alex,Carter
2564,Cynthia,Preston
2565,Kimberly,Fitzpatrick
2566,Mark,Walker
2567,Lisa,Rice
2568,Andrew,Flores
2569,Alex,White
2570,William,Arnold
2571,Angela,Campbell
2572,Ruben,Taylor
2573,Daniel,Berger
2574,Susan,Sanchez
2575,Hannah,Love
2576,Olivia,Rivera
2577,Jose,Cochran
2578,Michael,Hill
2579,Kim,Bryan
2580,Paul,Armstrong
2581,Stacy,Kennedy
2582,Lacey,Townsend
2583,Andrew,Garner
2584,Cynthia,Boyd
2585,Aaron,Hart
2586,Cassandra,Leonard
2587,Matthew,Macdonald
2588,Roger,Taylor
2589,Karl,Craig
2590,Matthew,Walters
2591,William,Henry
2592,Katrina,Li
2593,Scott,Wallace
2594,Jennifer,Chapman
2595,Melissa,Allen
2596,Gerald,Evans
2597,Anne,Pope
2598,Richard,Martinez
2599,Amanda,Murphy
2600,Matthew,Morgan
2601,Dawn,Williams
2602,Frank,Hamilton
2603,Francisco,Compton
2604,Alicia,Smith
2605,Joel,Barber
2606,Melinda,Garcia
2607,Matthew,Smith
2608,Susan,Bean
2609,Jerry,Harris
2610,Melvin,Gardner
2611,Martha,Miller
2612,Crystal,Ball
2613,Matthew,Phillips
2614,Ashley,Scott
2615,Cristina,Harris
2616,Brenda,Alexander
2617,Paige,Dawson
2618,Mark,Blackburn
2619,Michael,Olson
2620,Karen,Woods
2621,Diana,Chapman
2622,Katelyn,Lopez
2623,Jennifer,Cook
2624,Sarah,Krueger
2625,William,Krueger
2626,James,Payne
2627,Tami,Cobb
2628,Darren,Boyd
2629,Linda,Campbell
2630,Kevin,Gentry
2631,Kathryn,Robbins
2632,Jennifer,Gibson
2633,Jeffery,Sanders
2634,David,Burnett
2635,Sarah,Wilson
2636,Robert,Case
2637,Mary,Ryan
2638,Amber,Bennett
2639,Evan,Campbell
2640,Colleen,Baker
2641,Alexander,Lopez
2642,Joseph,Riley
2643,David,Davis
2644,Gary,Barnes
2645,Cassandra,Hernandez
2646,Daniel,Collins
2647,Sherry,Townsend
2648,Mark,Perry
2649,Carrie,Mitchell
2650,Kimberly,Smith
2651,Angela,Miller
2652,Chad,Dennis
2653,Jeffrey,Anderson
2654,Thomas,Harmon
2655,James,Bates
2656,Angela,Lopez
2657,Tony,Mullins
2658,Jennifer,Rose
2659,Stacy,Nguyen
2660,Sylvia,Kerr
2661,Jessica,Huynh
2662,Amy,Beasley
2663,Joseph,Walker
2664,Justin,Stewart
2665,Joshua,Cox
2666,Randy,Williams
2667,Brian,Wright
2668,Brianna,Phillips
2669,Benjamin,Sanchez
2670,Stephanie,Wright
2671,Jessica,Lucas
2672,Leah,Hart
2673,Dennis,Mccormick
2674,Anna,Fox
2675,Steven,Rodriguez
2676,John,Browning
2677,Adam,Trevino
2678,Nicholas,Patterson
2679,Matthew,Lee
2680,Robert,Alexander
2681,Karen,Martinez
2682,Julia,Russell
2683,Robert,Estrada
2684,Tracy,Mcbride
2685,Christina,Butler
2686,Kevin,Mendez
2687,Patrick,Alvarez
2688,Dennis,Smith
2689,Sarah,Hawkins
2690,Katherine,Lawson
2691,Todd,Mitchell
2692,Travis,Williams
2693,Brandy,Lopez
2694,Carl,Roberts
2695,Zachary,Johnson
2696,William,Castro
2697,Brooke,Hall
2698,Amanda,Bates
2699,Crystal,Wells
2700,Joseph,Reilly
2701,Ashley,Johnston
2702,Chad,Stone
2703,Michael,Guerra
2704,Jennifer,Newman
2705,Jason,Frazier
2706,George,Brown
2707,Erin,Spencer
2708,Alicia,Gray
2709,Cory,Mcfarland
2710,Tracy,Carter
2711,Paul,Mason
2712,Mary,Peterson
2713,Shelby,Rivers
2714,Jose,Ortiz
2715,Vincent,Maldonado
2716,Brooke,Hayes
2717,Richard,Hobbs
2718,Christopher,Ashley
2719,Brian,Long
2720,Shawna,Henderson
2721,Wendy,Ramirez
2722,Lauren,Robinson
2723,Jessica,Brown
2724,Amy,Williams
2725,Pamela,Bradshaw
2726,Margaret,Rice
2727,Henry,Stephens
2728,Douglas,Holmes
2729,Kaitlyn,Davis
2730,Ronald,Tucker
2731,John,Hull
2732,Ashley,Jimenez
2733,Vincent,Jones
2734,Connie,Matthews
2735,Sandra,Curtis
2736,Mary,Moon
2737,Christina,Fitzgerald
2738,Timothy,Wells
2739,Craig,Avila
2740,Andrea,Clark
2741,Heidi,Torres
2742,Dennis,Walker
2743,Cheryl,Morgan
2744,Alyssa,Adams
2745,Randall,Shepherd
2746,Sue,Johnson
2747,Angelica,Lee
2748,Rachel,Hawkins
2749,James,Sparks
2750,Aaron,Bell
2751,Allison,Weeks
2752,Taylor,Dunn
2753,Martin,Howard
2754,James,Hernandez
2755,Sarah,Chan
2756,Monica,Wiley
2757,Colin,Davis
2758,Meghan,Williams
2759,Kyle,Anderson
2760,Timothy,Winters
2761,Sean,Luna
2762,Christopher,Duncan
2763,Emily,Valdez
2764,Bethany,Wood
2765,Rhonda,Love
2766,Joshua,Wong
2767,Teresa,Carter
2768,Meredith,Hahn
2769,Hannah,Preston
2770,Christine,Dennis
2771,Julie,Cameron
2772,Jessica,Anderson
2773,John,Baker
2774,Jill,Wade
2775,Jennifer,Hernandez
2776,John,Hood
2777,Glenn,Bates
2778,Mary,Golden
2779,Sarah,Pierce
2780,James,Brennan
2781,Linda,White
2782,Christian,Anderson
2783,Nathan,Mitchell
2784,Shelby,Lopez
2785,Paul,Medina
2786,Ronald,Henderson
2787,Michael,Lloyd
2788,Brittany,Gardner
2789,Valerie,Mckenzie
2790,Amy,Gutierrez
2791,Andre,Buchanan
2792,Megan,Lopez
2793,Jason,Mason
2794,Amber,Owens
2795,David,Perry
2796,Tracy,Eaton
2797,Michael,Sanders
2798,Jessica,Williams
2799,Antonio,Walker
2800,Jessica,Cummings
2801,Emma,Johnson
2802,Amber,Munoz
2803,Brittany,Adams
2804,Leslie,Macias
2805,Stephanie,Brown
2806,Carol,Smith
2807,Anthony,Morales
2808,Tracy,Carter
2809,Julia,Spence
2810,Jeremy,Brown
2811,James,Mclaughlin
2812,Elizabeth,Sutton
2813,Michelle,Barr
2814,Francisco,Mendoza
2815,Chris,Sanchez
2816,Nicole,Wade
2817,Scott,Garcia
2818,Kyle,Ramirez
2819,Matthew,Jenkins
2820,Paul,Lang
2821,Jaclyn,Robinson
2822,Calvin,Swanson
2823,Christopher,Jackson
2824,Levi,Werner
2825,Karen,Crosby
2826,Katherine,Lane
2827,Amanda,Decker
2828,Elizabeth,Duncan
2829,Jessica,Randall
2830,Dawn,Evans
2831,Scott,Smith
2832,Sara,Vega
2833,Kelly,Chavez
2834,Jason,Hansen
2835,Katie,Cohen
2836,Danielle,Smith
2837,Tracey,Melton
2838,Christine,Jones
2839,Suzanne,Stewart
2840,Debra,Cooper
2841,Diana,Allen
2842,Andres,Wilkinson
2843,Alexandria,Johnson
2844,John,Jackson
2845,Brad,Perkins
2846,Michael,Butler
2847,Daniel,Robbins
2848,Beth,Evans
2849,Jeffrey,Marks
2850,Alyssa,Galloway
2851,David,Bond
2852,Michael,Sanchez
2853,Steven,Martinez
2854,Christopher,Meyer
2855,Meredith,Nunez
2856,Sharon,Nolan
2857,Tina,Turner
2858,Donald,Zimmerman
2859,Susan,Holder
2860,Robert,Ball
2861,Dawn,Sanders
2862,Jennifer,Grant
2863,Jasmine,Smith
2864,Christine,Mcbride
2865,Hannah,Lawrence
2866,Daniel,Smith
2867,Wayne,Sanchez
2868,Jessica,Gonzalez
2869,Mark,Mcintyre
2870,Elizabeth,Ford
2871,Brian,Stewart
2872,Lori,May
2873,Damon,Jensen
2874,Jeffrey,Campbell
2875,Matthew,Gonzalez
2876,Cynthia,Berry
2877,Dawn,Franklin
2878,Shane,Romero
2879,Christina,Johnson
2880,Victoria,Hawkins
2881,Anna,Garrett
2882,Pamela,Moss
2883,Michelle,Ross
2884,Jason,Santos
2885,Jessica,Stevens
2886,Curtis,Mayo
2887,Crystal,White
2888,Cheryl,Edwards
2889,Tina,Simon
2890,George,Fitzgerald
2891,Anna,Gonzales
2892,Donna,Perez
2893,Bruce,Bird
2894,Joyce,Lee
2895,Valerie,Williams
2896,Steven,Herrera
2897,Curtis,Galloway
2898,Monica,Burns
2899,Virginia,Porter
2900,Stacy,Silva
2901,Jamie,Flynn
2902,Sherry,Mckee
2903,David,Chandler
2904,Rachel,Davis
2905,Michael,Patterson
2906,Amanda,Davis
2907,Brandon,Dean
2908,Emily,Fields
2909,Jesus,Guerra
2910,Kelly,Trevino
2911,Scott,Ingram
2912,Laura,Dyer
2913,William,Macias
2914,Lauren,Ochoa
2915,Eric,Grant
2916,Anna,Marshall
2917,Amanda,Winters
2918,Brian,Barker
2919,Audrey,Cunningham
2920,Karen,Gallagher
2921,Stephanie,Glover
2922,Charles,Ponce
2923,Jesus,Ramos
2924,Jessica,Copeland
2925,Colleen,Walker
2926,Kellie,Huang
2927,Danielle,Simmons
2928,Christian,Fitzgerald
2929,Matthew,Perez
2930,Edward,Chambers
2931,Emily,Jordan
2932,Joann,Mercer
2933,Devon,Burch
2934,Katherine,Calhoun
2935,Kaylee,Christian
2936,Sara,Waller
2937,Andres,Crawford
2938,Jason,Wright
2939,Laura,Gomez
2940,Dustin,Garcia
2941,Taylor,Barnes
2942,Patrick,Keller
2943,Valerie,Hansen
2944,Michael,Reyes
2945,Kevin,Holland
2946,Destiny,Cole
2947,Kimberly,Mills
2948,Kevin,Johnson
2949,Brandon,Rivas
2950,Gabrielle,Brown
2951,Ryan,Barnett
2952,Samuel,Hester
2953,David,Delgado
2954,Christopher,Vega
2955,Debra,Perry
2956,Sandra,Bell
2957,Catherine,Brown
2958,Jeffrey,Liu
2959,Sharon,Palmer
2960,Brandon,Robinson
2961,Elizabeth,Brown
2962,Julie,Perez
2963,Lindsay,Dean
2964,Susan,Gallagher
2965,Jennifer,Powell
2966,Martin,Williams
2967,John,Fox
2968,Jose,Wheeler
2969,Richard,Jacobs
2970,Leroy,Nelson
2971,Kimberly,Flowers
2972,Daniel,Bentley
2973,Whitney,Smith
2974,Kristin,Bailey
2975,Charles,Davis
2976,Wendy,Wilson
2977,Richard,Ryan
2978,Ariana,Scott
2979,Scott,Boyd
2980,Jeremy,Peters
2981,Lisa,Alexander
2982,Eric,Fowler
2983,George,Quinn
2984,Ellen,Wiggins
2985,Gregory,Mcclure
2986,Jaime,Meyers
2987,Wesley,Johnston
2988,Charles,Shelton
2989,Kari,Wu
2990,Dana,Lane
2991,Thomas,Rogers
2992,Bryan,Martinez
2993,Sabrina,Kirby
2994,Nancy,Jacobs
2995,Andrew,Olsen
2996,Melissa,Romero
2997,Danielle,Evans
2998,Cynthia,George
2999,Michael,Graham
3000,Karla,Sweeney
